Unique_ID,Similarity_Precents
0,0.077118327
1,0.06384424
2,0.076255443
3,0.139277953
4,0.137529175
5,0.115446967
6,0.075399386
7,0.138765421
8,0.096466513
9,0.187580618
10,0.071677887
11,0.061558701
12,0.113755574
13,0.153436931
14,0.117002992
15,0.063175397
16,0.074672625
17,0.078010471
18,0.175229513
19,0.087661982
20,0.09855942
21,0.079037185
22,0.123091491
23,0.066202625
24,0.098422733
25,0.101043899
26,0.136589591
27,0.171254111
28,0.045048701
29,0.101110831
30,0.058654642
31,0.049975019
32,0.164176373
33,0.098990695
34,0.047222507
35,0.072595401
36,0.110442049
37,0.084465579
38,0.080187537
39,0.061977979
40,0.073521462
41,0.077955492
42,0.103029847
43,0.105634094
44,0.100874988
45,0.182925846
46,0.086088619
47,0.057026595
48,0.107921044
49,0.032915401
50,0.114893206
51,0.083753151
52,0.04594768
53,0.094681445
54,0.09075297
55,0.093835129
56,0.059222421
57,0.077540351
58,0.115953286
59,0.092655575
60,0.120385853
61,0.1541287
62,0.067552053
63,0.102597835
64,0.050031279
65,0.033459977
66,0.070152118
67,0.096657519
68,0.117735078
69,0.10408059
70,0.08273403
71,0.05590892
72,0.042447636
73,0.061251424
74,0.060245264
75,0.057441094
76,0.082052003
77,0.123423902
78,0.089689706
79,0.107529861
80,0.11785113
81,0.090155512
82,0.114138594
83,0.062166987
84,0.042333376
85,0.030060181
86,0.098791786
87,0.100823392
88,0.102977372
89,0.121435348
90,0.098194165
91,0.051708769
92,0.051308412
93,0.113317417
94,0.132701756
95,0.08353905
96,0.058334965
97,0.10664698
98,0.096945842
99,0.093853167
100,0.027277236
101,0.063757671
102,0.086899548
103,0.090961964
104,0.107820924
105,0.106825396
106,0.073402527
107,0.077018079
108,0.02907419
109,0.071048219
110,0.060158062
111,0.054203636
112,0.071747035
113,0.058213002
114,0.090787082
115,0.131255751
116,0.047184161
117,0.080562923
118,0.105749641
119,0.100871255
120,0.056846011
121,0.11109411
122,0.099744731
123,0.076081311
124,0.078688948
125,0.099994898
126,0.118262479
127,0.0513327
128,0.108989852
129,0.068662108
130,0.064659265
131,0.08735707
132,0.110389465
133,0.082800438
134,0.122566954
135,0.081116047
136,0.10728168
137,0.104537719
138,0.089278264
139,0.065906216
140,0.076065241
141,0.086018916
142,0.039799517
143,0.070780619
144,0.096724072
145,0.085149388
146,0.148226596
147,0.097030289
148,0.171275715
149,0.118754217
150,0.122835712
151,0.069067886
152,0.094353007
153,0.02589987
154,0.101497474
155,0.114214669
156,0.14363447
157,0.125830574
158,0.039105486
159,0.231233317
160,0.063438142
161,0.162308614
162,0.09307663
163,0.105809554
164,0.049408176
165,0.114267241
166,0.059023937
167,0.095619404
168,0.083141099
169,0.095311606
170,0.05549393
171,0.062170591
172,0.053541559
173,0.062502491
174,0.030340387
175,0.090304728
176,0.139549979
177,0.115044748
178,0.042317974
179,0.135325034
180,0.039928194
181,0.193701554
182,0.083743579
183,0.107307324
184,0.098074834
185,0.138754017
186,0.059719973
187,0.056980288
188,0.120496755
189,0.090687575
190,0.175519088
191,0.079599035
192,0.039390843
193,0.092688
194,0.057929963
195,0.094528533
196,0.080582296
197,0.076651423
198,0.044084101
199,0.107635945
200,0.071428571
201,0.044408878
202,0.123494147
203,0.082422559
204,0.041894579
205,0.069362231
206,0.117116114
207,0.098746203
208,0.068072644
209,0.089172832
210,0.031142789
211,0.066620989
212,0.071099557
213,0.030648967
214,0.105673771
215,0.057967971
216,0.011892969
217,0.103622662
218,0.104782436
219,0.106982297
220,0.042505114
221,0.125183781
222,0.049029034
223,0.07139443
224,0.050891336
225,0.110245245
226,0.059672042
227,0.077809821
228,0.133189115
229,0.055590418
230,0.081915557
231,0.105106913
232,0.052521124
233,0.051793468
234,0.15582148
235,0.067404669
236,0.123582525
237,0.082656366
238,0.138107765
239,0.093769079
240,0.10223235
241,0.058255173
242,0.052801519
243,0.058437934
244,0.092386977
245,0.134973008
246,0.061593611
247,0.090453403
248,0.065835645
249,0.05206576
250,0.106095492
251,0.055910328
252,0.096308682
253,0.01495706
254,0.145370951
255,0.11632195
256,0.098800055
257,0.088237679
258,0.02030483
259,0.098572812
260,0.051847585
261,0.097709947
262,0.113990188
263,0.048892887
264,0.101473256
265,0.061177529
266,0.062017367
267,0.078931521
268,0.111952769
269,0.085539892
270,0.139729992
271,0.071278325
272,0.097363091
273,0.050464733
274,0.302407368
275,0.146577186
276,0.074648001
277,0.062553474
278,0.060649517
279,0.06704784
280,0.042980119
281,0.11284683
282,0.083026396
283,0.066943514
284,0.239841489
285,0.088592762
286,0.082295377
287,0.100127844
288,0.077418549
289,0.081590187
290,0.115953286
291,0.127515343
292,0.082863081
293,0.054078551
294,0.130293851
295,0.11554229
296,0.036352288
297,0.100440392
298,0.089674368
299,0.097301562
300,0.058564714
301,0.086370775
302,0.123681432
303,0.111455643
304,0.06401844
305,0.084143611
306,0.072430063
307,0.077699351
308,0.063980991
309,0.0916259
310,0.078213108
311,0.090339503
312,0.068370476
313,0.119342445
314,0.130721746
315,0.062144322
316,0.039466852
317,0.039872611
318,0.107546572
319,0.12627283
320,0.06235106
321,0.061666305
322,0.133917896
323,0.086290303
324,0.098267271
325,0.040415267
326,0.107285269
327,0.13054282
328,0.170782513
329,0.133928571
330,0.079410482
331,0.049090435
332,0.098987875
333,0.17468748
334,0.048239866
335,0.073967237
336,0.051128953
337,0.061442394
338,0.113822079
339,0.082501998
340,0.115161239
341,0.060522753
342,0.043678535
343,0.065389297
344,0.066680004
345,0.063732089
346,0.088557201
347,0.06897577
348,0.050399743
349,0.050446336
350,0.129502972
351,0.063884996
352,0.090667963
353,0.07271901
354,0.072583005
355,0.058296608
356,0.061703353
357,0.056673486
358,0.085387087
359,0.084014067
360,0.049190244
361,0.172895248
362,0.085185688
363,0.067515958
364,0.085749293
365,0.142095971
366,0.140393654
367,0.029736629
368,0.061519595
369,0.07628163
370,0.08818078
371,0.112173218
372,0.046309911
373,0.086905609
374,0.059234888
375,0.086258195
376,0.034765818
377,0.171184197
378,0.081483535
379,0.089192447
380,0.090420487
381,0.08378167
382,0.1212973
383,0.038036289
384,0.098604754
385,0.141162656
386,0.060475303
387,0.073547343
388,0.057705593
389,0.051156253
390,0.132813513
391,0.082841687
392,0.099287684
393,0.093115072
394,0.082902667
395,0.073219069
396,0.048996067
397,0.030899318
398,0.104772685
399,0.080388397
400,0.165956779
401,0.060586982
402,0.085125653
403,0.046348977
404,0.108042361
405,0.178942798
406,0.040233712
407,0.10750884
408,0.05236248
409,0.084266484
410,0.080093747
411,0.079056942
412,0.119456219
413,0.068686976
414,0.052647786
415,0.071842121
416,0.074321811
417,0.010130511
418,0.056881167
419,0.074019265
420,0.062230486
421,0.034735626
422,0.118975978
423,0.12164731
424,0.155077657
425,0.055086021
426,0.062675119
427,0.074569926
428,0.088476558
429,0.14409071
430,0.091786013
431,0.068791916
432,0.03738971
433,0.1034286
434,0.121103024
435,0.029391114
436,0.153498314
437,0.088596239
438,0.091038499
439,0.028342376
440,0.062596659
441,0.091795458
442,0.175548805
443,0.104679474
444,0.069405336
445,0.053804781
446,0.137582586
447,0.069166405
448,0.097298719
449,0.17468953
450,0.175377354
451,0.098791496
452,0.053091109
453,0.113389342
454,0.070615906
455,0.068700539
456,0.06089162
457,0.066366484
458,0.080674434
459,0.107793611
460,0.100659529
461,0.088851365
462,0.06787091
463,0.068481174
464,0.156347192
465,0.023333765
466,0.067728546
467,0.071017107
468,0.080649605
469,0.104003328
470,0.119800817
471,0.068224849
472,0.226698403
473,0.076651423
474,0.098110491
475,0.110931612
476,0.051069048
477,0.103225754
478,0.074643633
479,0.061675541
480,0.039200317
481,0.094213448
482,0.023746785
483,0.124380718
484,0.054211442
485,0.093458027
486,0.067816095
487,0.127219001
488,0.116910349
489,0.085159943
490,0.064493349
491,0.097930637
492,0.045247273
493,0.080425369
494,0.08754284
495,0.118729368
496,0.065851918
497,0.055248005
498,0.04738791
499,0.133097275
500,0.107066937
501,0.093048421
502,0.149667774
503,0.165810044
504,0.070076489
505,0.12416882
506,0.056077215
507,0.048761844
508,0.10937962
509,0.154275241
510,0.081378846
511,0.114565475
512,0.190951935
513,0.031532251
514,0.119004526
515,0.050951487
516,0.139124722
517,0.06984303
518,0.088345221
519,0.104272756
520,0.028191704
521,0.043990587
522,0.116122169
523,0.095831485
524,0.167207515
525,0.141997151
526,0.068265615
527,0.107105679
528,0.052211432
529,0.070367496
530,0.043284366
531,0.119840319
532,0.115620664
533,0.100663206
534,0.163289027
535,0.146031728
536,0.096687595
537,0.090604537
538,0.105329818
539,0.06575533
540,0.127036505
541,0.080345498
542,0.102062073
543,0.037085907
544,0.093333333
545,0.149214546
546,0.139709659
547,0.089943313
548,0.071577508
549,0.155039277
550,0.036514837
551,0.206867077
552,0.088337241
553,0.154490155
554,0.102641062
555,0.080257235
556,0.080882978
557,0.08924215
558,0.097606349
559,0.066943514
560,0.071795816
561,0.07333588
562,0.099987891
563,0.068313005
564,0.044435912
565,0.038447322
566,0.038717833
567,0.094720445
568,0.05291672
569,0.075623257
570,0.081751912
571,0.12413175
572,0.059549133
573,0.066226618
574,0.053474079
575,0.114071739
576,0.086386843
577,0.045791753
578,0.036046863
579,0.059292706
580,0.060845544
581,0.113381308
582,0.07992945
583,0.134102596
584,0.033318297
585,0.132469331
586,0.140594881
587,0.07574861
588,0.05189993
589,0.044497654
590,0.104217567
591,0.122096573
592,0.095654736
593,0.117329422
594,0.103896454
595,0.073946871
596,0.093298382
597,0.046095187
598,0.116549417
599,0.063492063
600,0.164142667
601,0.06632539
602,0.172128821
603,0.105653297
604,0.085140951
605,0.086463237
606,0.059744015
607,0.11525104
608,0.100442925
609,0.120529565
610,0.078971327
611,0.062922778
612,0.050582956
613,0.062610081
614,0.063457432
615,0.090281915
616,0.077438592
617,0.099584205
618,0.140487872
619,0.112782309
620,0.066226618
621,0.065252644
622,0.116939287
623,0.070354158
624,0.034656268
625,0.046829291
626,0.063705899
627,0.145988645
628,0.200353878
629,0.054562758
630,0.040522045
631,0.097393822
632,0.109180929
633,0.043975224
634,0.10464179
635,0.061553032
636,0.047199488
637,0.043108054
638,0.084771472
639,0.076170637
640,0.101929438
641,0.073394806
642,0.114001596
643,0.136793914
644,0.019055398
645,0.057986128
646,0.045907809
647,0.071413999
648,0.051857543
649,0.08345374
650,0.075079227
651,0.036991397
652,0.084464159
653,0.065416928
654,0.07593264
655,0.103303866
656,0.071197784
657,0.03788072
658,0.085824296
659,0.094211144
660,0.095382295
661,0.094153129
662,0.052222812
663,0.114881332
664,0.096494941
665,0.131535846
666,0.061633355
667,0.104810569
668,0.04020422
669,0.086671906
670,0.113858355
671,0.131549334
672,0.056888012
673,0.042061012
674,0.070769328
675,0.082199494
676,0.073259281
677,0.063752872
678,0.087038828
679,0.088874261
680,0.147971941
681,0.093933644
682,0.199194143
683,0.078607755
684,0.121705306
685,0.083672687
686,0.06067817
687,0.095652901
688,0.101738168
689,0.103255665
690,0.065041045
691,0.133752536
692,0.093959672
693,0.043129097
694,0.14983901
695,0.148658829
696,0.104744587
697,0.090697792
698,0.116756904
699,0.056512059
700,0.055776344
701,0.131449338
702,0.060869565
703,0.101477094
704,0.072425927
705,0.059976014
706,0.04125685
707,0.050336704
708,0.103557788
709,0.064192248
710,0.09767076
711,0.078877877
712,0.028903666
713,0.062674247
714,0.051911948
715,0.030215296
716,0.084717374
717,0.046507436
718,0.112239055
719,0.120887026
720,0.065015791
721,0.147894773
722,0.079793653
723,0.104058329
724,0.101070672
725,0.043708669
726,0.080649824
727,0.115188674
728,0.063829787
729,0.021759707
730,0.10413152
731,0.103286704
732,0.137706075
733,0.081298126
734,0.114263261
735,0.071909375
736,0.083746298
737,0.086271951
738,0.163835515
739,0.051593937
740,0.120948631
741,0.06607032
742,0.066455856
743,0.123447383
744,0.119506446
745,0.048491992
746,0.064400967
747,0.087294916
748,0.130841756
749,0.107060676
750,0.141295816
751,0.054772256
752,0.050466919
753,0.12140637
754,0.076970141
755,0.119888157
756,0.105516981
757,0.074931247
758,0.08620487
759,0.069457635
760,0.106198849
761,0.115938572
762,0.131188868
763,0.062470127
764,0.034208032
765,0.105479599
766,0.100871255
767,0.078400077
768,0.10918413
769,0.069496412
770,0.049379107
771,0.13576127
772,0.098492031
773,0.085448761
774,0.062183542
775,0.067651009
776,0.107443062
777,0.077611189
778,0.048049998
779,0.120148094
780,0.092644682
781,0.094428428
782,0.117429048
783,0.097542622
784,0.082751221
785,0.119828938
786,0.135583844
787,0.047479729
788,0.097719351
789,0.182449092
790,0.070682936
791,0.099503719
792,0.050107488
793,0.102043177
794,0.105728226
795,0.21802254
796,0.041455608
797,0.020871112
798,0.086066297
799,0.121304224
800,0.031485816
801,0.100440392
802,0.028629917
803,0.207838931
804,0.128716927
805,0.032516624
806,0.108281144
807,0.090670034
808,0.117737626
809,0.075485136
810,0.10622466
811,0.081659322
812,0.086427024
813,0.103584767
814,0.114800386
815,0.122085802
816,0.090369611
817,0.128388148
818,0.10418928
819,0.087869936
820,0.068551062
821,0.083672687
822,0.108936966
823,0.015456117
824,0.081831709
825,0.103147723
826,0.077881207
827,0.127315498
828,0.0648816
829,0.062217102
830,0.042114597
831,0.089552321
832,0.064311969
833,0.077922132
834,0.073979544
835,0.049160514
836,0.110019115
837,0.065260241
838,0.086232746
839,0.055555556
840,0.10731835
841,0.117655201
842,0.133947096
843,0.073745884
844,0.106792001
845,0.110623801
846,0.048795004
847,0.110341854
848,0.132616776
849,0.084924944
850,0.123616996
851,0.097902225
852,0.077918792
853,0.141509521
854,0.077297355
855,0.079911259
856,0.072214854
857,0.050882185
858,0.126215416
859,0.091787856
860,0.065522637
861,0.081665993
862,0.07797997
863,0.169818878
864,0.044946657
865,0.120451185
866,0.039024855
867,0.104804691
868,0.078126261
869,0.116657066
870,0.052704628
871,0.065485835
872,0.115694041
873,0.062257281
874,0.070196827
875,0.04472136
876,0.105772904
877,0.073929609
878,0.036336619
879,0.13454089
880,0.113644582
881,0.095947819
882,0.046396067
883,0.086883933
884,0.043173918
885,0.124742533
886,0.056254395
887,0.066299354
888,0.128007738
889,0.084788399
890,0.075173097
891,0.06787091
892,0.064463208
893,0.064054911
894,0.104368024
895,0.101499743
896,0.077611817
897,0.127702361
898,0.059867109
899,0.059970022
900,0.0978076
901,0.142639945
902,0.064146771
903,0.064450339
904,0.035399616
905,0.060117368
906,0.083896257
907,0.074018148
908,0.107012114
909,0.103974077
910,0.051948539
911,0.048877009
912,0.066584514
913,0.04328396
914,0.144164634
915,0.066712438
916,0.055618651
917,0.111789963
918,0.051298918
919,0.05549393
920,0.175570364
921,0.088426603
922,0.073174214
923,0.142080667
924,0.041739194
925,0.102125921
926,0.031880636
927,0.13481449
928,0.088178667
929,0.120475803
930,0.114442442
931,0.116527507
932,0.077462895
933,0.124807544
934,0.103943839
935,0.075184517
936,0.062373432
937,0.145743912
938,0.083180039
939,0.043592865
940,0.102902733
941,0.10947447
942,0.10701574
943,0.047184161
944,0.065795169
945,0.033355578
946,0.075907212
947,0.049655928
948,0.095759753
949,0.076745016
950,0.105592986
951,0.087597723
952,0.071740368
953,0.068003612
954,0.033596415
955,0.096260704
956,0.099384429
957,0.117311843
958,0.061873574
959,0.094002789
960,0.11400591
961,0.048098607
962,0.076232872
963,0.069055899
964,0.110459427
965,0.056407607
966,0.088236821
967,0.126089069
968,0.098709107
969,0.089802651
970,0.115197457
971,0.118550686
972,0.07970596
973,0.08180078
974,0.090248526
975,0.069145476
976,0.096250794
977,0.038885689
978,0.084823736
979,0.086619866
980,0.103661736
981,0.184792653
982,0.101574183
983,0.054584941
984,0.052128604
985,0.119598708
986,0.146668226
987,0.078076963
988,0.094294001
989,0.051120772
990,0.027109664
991,0.14665847
992,0.229121582
993,0.102689757
994,0.067593031
995,0.063854421
996,0.037542024
997,0.130357798
998,0.039050882
999,0.159437645
1000,0.126740137
1001,0.104031297
1002,0.053775877
1003,0.14487434
1004,0.120310067
1005,0.121208643
1006,0.127370451
1007,0.080514552
1008,0.112106463
1009,0.132675842
1010,0.05282859
1011,0.051289545
1012,0.144796624
1013,0.118988816
1014,0.126341457
1015,0.118448573
1016,0.052804732
1017,0.046259322
1018,0.07346021
1019,0.082009875
1020,0.067048523
1021,0.181028227
1022,0.060815427
1023,0.087325154
1024,0.072074997
1025,0.034893158
1026,0.161356859
1027,0.050007655
1028,0.059330557
1029,0.037714072
1030,0.138566327
1031,0.083558515
1032,0.059222421
1033,0.100503782
1034,0.100146928
1035,0.060329698
1036,0.059752592
1037,0.115678779
1038,0.041305703
1039,0.058600904
1040,0.054437945
1041,0.056658342
1042,0.071495514
1043,0.076661277
1044,0.119151799
1045,0.052591457
1046,0.063281725
1047,0.064509417
1048,0.070286095
1049,0.091031524
1050,0.055629188
1051,0.090619158
1052,0.081148222
1053,0.070760449
1054,0.095956898
1055,0.136095891
1056,0.089768388
1057,0.130454513
1058,0.081978229
1059,0.105666614
1060,0.078436399
1061,0.095346259
1062,0.122996447
1063,0.136717185
1064,0.088058744
1065,0.05730973
1066,0.092962225
1067,0.078006337
1068,0.100966972
1069,0.175734985
1070,0.07240002
1071,0.071797461
1072,0.067539131
1073,0.043381601
1074,0.085453094
1075,0.075876456
1076,0.038103879
1077,0.049690399
1078,0.088282959
1079,0.10947447
1080,0.031497039
1081,0.06709313
1082,0.068762088
1083,0.103924745
1084,0.093000122
1085,0.094663032
1086,0.089087081
1087,0.083618234
1088,0.046394218
1089,0.103335676
1090,0.055508851
1091,0.066469163
1092,0.113298335
1093,0.069171446
1094,0.135186062
1095,0.084723551
1096,0.088642999
1097,0.05976143
1098,0.09730323
1099,0.092233098
1100,0.104387773
1101,0.135413522
1102,0.098466833
1103,0.070845471
1104,0.096677178
1105,0.113804573
1106,0.102367059
1107,0.099855253
1108,0.158460534
1109,0.035347056
1110,0.077108658
1111,0.107778298
1112,0.12757965
1113,0.154409291
1114,0.157044022
1115,0.047886921
1116,0.095605421
1117,0.160774109
1118,0.252968824
1119,0.136550288
1120,0.071473238
1121,0.072164948
1122,0.076762754
1123,0.11467216
1124,0.078264568
1125,0.135523752
1126,0.09286662
1127,0.081999543
1128,0.049223472
1129,0.09655068
1130,0.145689304
1131,0.074845789
1132,0.280431045
1133,0.090499488
1134,0.082879919
1135,0.038602974
1136,0.089519839
1137,0.148148148
1138,0.101194684
1139,0.075840429
1140,0.050458376
1141,0.043887363
1142,0.150482316
1143,0.089479249
1144,0.097650679
1145,0.095556879
1146,0.114079692
1147,0.055749467
1148,0.049334514
1149,0.088188811
1150,0.112467868
1151,0.109713959
1152,0.076471911
1153,0.157772145
1154,0.045271584
1155,0.101623471
1156,0.068798574
1157,0.112320709
1158,0.081236239
1159,0.074927917
1160,0.05067076
1161,0.021650635
1162,0.131816409
1163,0.101139174
1164,0.083085779
1165,0.079305159
1166,0.057758899
1167,0.084323997
1168,0.053968707
1169,0.088976811
1170,0.061558701
1171,0.058929741
1172,0.066103513
1173,0.069409265
1174,0.04571981
1175,0.069961532
1176,0.105284548
1177,0.036106966
1178,0.110021557
1179,0.113249484
1180,0.136036342
1181,0.108224996
1182,0.046823004
1183,0.162032544
1184,0.12326671
1185,0.089886562
1186,0.103514566
1187,0.109422027
1188,0.070031521
1189,0.025785531
1190,0.079755649
1191,0.029150954
1192,0.108866211
1193,0.170098573
1194,0.085148509
1195,0.04292834
1196,0.104140234
1197,0.072687182
1198,0.049236596
1199,0.03712307
1200,0.085279005
1201,0.112809147
1202,0.042245398
1203,0.072336423
1204,0.091309388
1205,0.125878806
1206,0.072212193
1207,0.113852197
1208,0.0442664
1209,0.068697644
1210,0.064707002
1211,0.090767592
1212,0.069753296
1213,0.13716816
1214,0.059664651
1215,0.067210281
1216,0.070014004
1217,0.120747862
1218,0.048351831
1219,0.106060876
1220,0.102657887
1221,0.043375071
1222,0.099549726
1223,0.087304337
1224,0.08264536
1225,0.109398744
1226,0.07574861
1227,0.051697486
1228,0.103344254
1229,0.14190148
1230,0.112230083
1231,0.052982038
1232,0.046455884
1233,0.052540694
1234,0.054036738
1235,0.105935968
1236,0.114450339
1237,0.043678535
1238,0.069649826
1239,0.148459025
1240,0.080220912
1241,0.068511333
1242,0.12801071
1243,0.086176808
1244,0.075457194
1245,0.048029211
1246,0.151253663
1247,0.133801395
1248,0.076072577
1249,0.133762059
1250,0.084361845
1251,0.182477662
1252,0.196494373
1253,0.068709457
1254,0.078479389
1255,0.089569547
1256,0.079380525
1257,0.050964719
1258,0.064972212
1259,0.082185612
1260,0.109418129
1261,0.042689521
1262,0.133022012
1263,0.057567366
1264,0.052128604
1265,0.046870262
1266,0.082512295
1267,0.073880432
1268,0.036843806
1269,0.090123012
1270,0.1
1271,0.100955676
1272,0.149647655
1273,0.061262254
1274,0.062176183
1275,0.075327629
1276,0.044737932
1277,0.061163224
1278,0.070386563
1279,0.063694294
1280,0.103203137
1281,0.069878809
1282,0.050800051
1283,0.094133723
1284,0.094616195
1285,0.051123574
1286,0.052470581
1287,0.092553007
1288,0.041320087
1289,0.089389534
1290,0.11154798
1291,0.031817257
1292,0.084379976
1293,0.070865867
1294,0.051169809
1295,0.080811177
1296,0.043918448
1297,0.061746548
1298,0.082840345
1299,0.08109204
1300,0.134323426
1301,0.054711014
1302,0.168890557
1303,0.06998849
1304,0.054939043
1305,0.088125777
1306,0.101677657
1307,0.075451555
1308,0.133751963
1309,0.100659529
1310,0.123106064
1311,0.138487917
1312,0.081516623
1313,0.169918158
1314,0.086968579
1315,0.118110698
1316,0.074773176
1317,0.038737582
1318,0.074708737
1319,0.04327869
1320,0.072374686
1321,0.088388348
1322,0.101838552
1323,0.065766508
1324,0.126453281
1325,0.070868339
1326,0.086149058
1327,0.035302975
1328,0.072204048
1329,0.106708199
1330,0.128249631
1331,0.094778859
1332,0.073899467
1333,0.075441285
1334,0.053155657
1335,0.048574139
1336,0.074474076
1337,0.119960396
1338,0.177904788
1339,0.081789473
1340,0.070065116
1341,0.089659349
1342,0.075314467
1343,0.042295493
1344,0.081395349
1345,0.087924066
1346,0.099862783
1347,0.065359977
1348,0.048112522
1349,0.020010008
1350,0.183623288
1351,0.057726488
1352,0.07439511
1353,0.093385921
1354,0.096186569
1355,0.060547016
1356,0.060977877
1357,0.040522045
1358,0.105962589
1359,0.079522975
1360,0.101833732
1361,0.109781424
1362,0.034271505
1363,0.046420708
1364,0.100463409
1365,0.078594653
1366,0.098644005
1367,0.069874597
1368,0.043961247
1369,0.058945783
1370,0.107572143
1371,0.115954207
1372,0.069189841
1373,0.071582126
1374,0.039058328
1375,0.098460166
1376,0.112198178
1377,0.051149575
1378,0.197107097
1379,0.09086738
1380,0.116590654
1381,0.049669963
1382,0.062547738
1383,0.068911702
1384,0.050435307
1385,0.063213954
1386,0.085728457
1387,0.033596842
1388,0.109888451
1389,0.05782545
1390,0.038348249
1391,0.103839091
1392,0.119277741
1393,0.114833648
1394,0.095511376
1395,0.142170427
1396,0.094101833
1397,0.154888176
1398,0.07856742
1399,0.064194074
1400,0.059549133
1401,0.108210914
1402,0.091871052
1403,0.086936803
1404,0.049547874
1405,0.10194392
1406,0.074612718
1407,0.021931723
1408,0.057166195
1409,0.109701049
1410,0.07019975
1411,0.10055488
1412,0.108609016
1413,0.074249925
1414,0.062696233
1415,0.073382271
1416,0.156022408
1417,0.102527604
1418,0.055684605
1419,0.027028124
1420,0.072800846
1421,0.104924043
1422,0.082506678
1423,0.183654189
1424,0.086707139
1425,0.084030696
1426,0.073228838
1427,0.052230321
1428,0.075503781
1429,0.037450294
1430,0.092879702
1431,0.01628224
1432,0.090729621
1433,0.083190223
1434,0.107564352
1435,0.066948537
1436,0.098091609
1437,0.13538259
1438,0.039032286
1439,0.076449212
1440,0.060464335
1441,0.100503782
1442,0.062170591
1443,0.132877397
1444,0.14176022
1445,0.088858178
1446,0.115994608
1447,0.127173456
1448,0.062373432
1449,0.052753496
1450,0.107453786
1451,0.17781165
1452,0.05393381
1453,0.073146803
1454,0.131717671
1455,0.063063632
1456,0.103570992
1457,0.107352736
1458,0.083237844
1459,0.204264292
1460,0.077096118
1461,0.079639781
1462,0.063008545
1463,0.098755119
1464,0.094366536
1465,0.071101028
1466,0.139875721
1467,0.056143461
1468,0.136792453
1469,0.073544791
1470,0.096404356
1471,0.120504281
1472,0.093380492
1473,0.0643177
1474,0.063812412
1475,0.170002314
1476,0.095754043
1477,0.045355737
1478,0.066531027
1479,0.088568991
1480,0.129291722
1481,0.137035065
1482,0.049362406
1483,0.128022452
1484,0.108648797
1485,0.103182788
1486,0.065116983
1487,0.067950213
1488,0.180225583
1489,0.120509898
1490,0.063757671
1491,0.045963856
1492,0.050078309
1493,0.096985022
1494,0.059344243
1495,0.093154667
1496,0.163784605
1497,0.045565742
1498,0.070540829
1499,0.075459062
1500,0.058266709
1501,0.049526803
1502,0.128200608
1503,0.011748456
1504,0.109959844
1505,0.083230643
1506,0.091581094
1507,0.103764734
1508,0.094220436
1509,0.053782543
1510,0.100205619
1511,0.055999004
1512,0.112806669
1513,0.078742599
1514,0.056851227
1515,0.097349466
1516,0.063213954
1517,0.027778969
1518,0.049195204
1519,0.102132436
1520,0.118266699
1521,0.128349587
1522,0.134852232
1523,0.157386769
1524,0.104723013
1525,0.075623768
1526,0.150948331
1527,0.14919632
1528,0.048583095
1529,0.12088642
1530,0.100037058
1531,0.095003013
1532,0.039203128
1533,0.044678489
1534,0.058848989
1535,0.10572619
1536,0.156096867
1537,0.09018415
1538,0.149207711
1539,0.06227206
1540,0.075957867
1541,0.076524415
1542,0.086459295
1543,0.073771111
1544,0.056724751
1545,0.090181628
1546,0.079026078
1547,0.093477252
1548,0.093446097
1549,0.110088106
1550,0.104473733
1551,0.067200416
1552,0.0624756
1553,0.061084722
1554,0.110888801
1555,0.132639527
1556,0.108411037
1557,0.144168729
1558,0.092859512
1559,0.145405493
1560,0.03092424
1561,0.094451206
1562,0.044621301
1563,0.075004784
1564,0.191483944
1565,0.086417376
1566,0.099438105
1567,0.031585291
1568,0.086258195
1569,0.093993608
1570,0.098473193
1571,0.067831261
1572,0.059177708
1573,0.117756672
1574,0.089977508
1575,0.05991356
1576,0.087959899
1577,0.045046873
1578,0.041411822
1579,0.166092042
1580,0.106110128
1581,0.082800297
1582,0.102881861
1583,0.060723271
1584,0.090584744
1585,0.060192927
1586,0.088737204
1587,0.089442719
1588,0.062729254
1589,0.150108178
1590,0.03348717
1591,0.027551938
1592,0.071184623
1593,0.143303141
1594,0.125719151
1595,0.083225038
1596,0.146087177
1597,0.096071267
1598,0.099984131
1599,0.063336824
1600,0.031875799
1601,0.118585412
1602,0.110781993
1603,0.069029672
1604,0.056775597
1605,0.106660978
1606,0.085812413
1607,0.039437377
1608,0.07965157
1609,0.068988592
1610,0.148249863
1611,0.08958915
1612,0.116999561
1613,0.24630182
1614,0.124303953
1615,0.047961769
1616,0.075983871
1617,0.07098695
1618,0.061173554
1619,0.040494128
1620,0.111562391
1621,0.09309376
1622,0.076263142
1623,0.140124635
1624,0.039315745
1625,0.057270266
1626,0.04187162
1627,0.070593121
1628,0.073100704
1629,0.111912742
1630,0.059795609
1631,0.169767787
1632,0.122595629
1633,0.078201406
1634,0.064597804
1635,0.065547353
1636,0.130857731
1637,0.057494988
1638,0.139771312
1639,0.060549918
1640,0.099785814
1641,0.078477762
1642,0.077844046
1643,0.096287753
1644,0.096272021
1645,0.026434027
1646,0.080540468
1647,0.093399775
1648,0.134698366
1649,0.110423214
1650,0.08975923
1651,0.194009869
1652,0.183795932
1653,0.0520893
1654,0.052297636
1655,0.12426253
1656,0.080325982
1657,0.051642532
1658,0.112853219
1659,0.085479607
1660,0.120568494
1661,0.022118698
1662,0.106941507
1663,0.062222837
1664,0.108079916
1665,0.04137808
1666,0.033731295
1667,0.142749285
1668,0.090093746
1669,0.115278084
1670,0.093708922
1671,0.053184885
1672,0.086772183
1673,0.125547614
1674,0.097880023
1675,0.031551865
1676,0.052996856
1677,0.109616195
1678,0.035087719
1679,0.118615366
1680,0.075592895
1681,0.031230487
1682,0.073093438
1683,0.154927917
1684,0.104898309
1685,0.053782543
1686,0.118129972
1687,0.133473777
1688,0.061585854
1689,0.112140326
1690,0.037516652
1691,0.034945198
1692,0.022660071
1693,0.047961769
1694,0.150120144
1695,0.022003279
1696,0.06702335
1697,0.170009774
1698,0.08341236
1699,0.075987425
1700,0.128591441
1701,0.030366612
1702,0.079624343
1703,0.149326676
1704,0.105062513
1705,0.042107596
1706,0.048157133
1707,0.10308122
1708,0.068128762
1709,0.082035665
1710,0.158573007
1711,0.058654116
1712,0.049418468
1713,0.072168784
1714,0.065838887
1715,0.130408358
1716,0.084267069
1717,0.066360152
1718,0.09187491
1719,0.160555017
1720,0.04434843
1721,0.13037493
1722,0.062364806
1723,0.101893098
1724,0.12969358
1725,0.05481381
1726,0.137417682
1727,0.097580525
1728,0.121677146
1729,0.087653951
1730,0.06392844
1731,0.066019941
1732,0.053988367
1733,0.08500383
1734,0.074593899
1735,0.094732591
1736,0.109481644
1737,0.091672525
1738,0.116177572
1739,0.10897825
1740,0.125748864
1741,0.121828981
1742,0.122726088
1743,0.071793246
1744,0.04788235
1745,0.072547625
1746,0.057605852
1747,0.109837804
1748,0.060644358
1749,0.086093404
1750,0.152317881
1751,0.094197952
1752,0.07351982
1753,0.070646128
1754,0.093781061
1755,0.084869789
1756,0.091052178
1757,0.092485119
1758,0.054172898
1759,0.113408089
1760,0.110901744
1761,0.068925562
1762,0.065639246
1763,0.070272837
1764,0.04500138
1765,0.099160009
1766,0.058925565
1767,0.096939818
1768,0.086253952
1769,0.061590405
1770,0.052970144
1771,0.075548856
1772,0.055205245
1773,0.096076892
1774,0.090480826
1775,0.123308801
1776,0.067363307
1777,0.091793352
1778,0.059241251
1779,0.076836989
1780,0.05484085
1781,0.067830222
1782,0.06445133
1783,0.045162493
1784,0.076509206
1785,0.062439054
1786,0.125699741
1787,0.046776428
1788,0.061294024
1789,0.084172562
1790,0.095106394
1791,0.068499578
1792,0.08774594
1793,0.255776501
1794,0.084895272
1795,0.044642857
1796,0.088031763
1797,0.068869819
1798,0.034662253
1799,0.100076619
1800,0.075286228
1801,0.075032247
1802,0.044971901
1803,0.042802583
1804,0.136842135
1805,0.069600939
1806,0.099181277
1807,0.063124098
1808,0.083928691
1809,0.033672945
1810,0.153042028
1811,0.073980769
1812,0.05616914
1813,0.046192128
1814,0.120277855
1815,0.065160754
1816,0.052069245
1817,0.048300725
1818,0.103327365
1819,0.138793541
1820,0.092627894
1821,0.042535095
1822,0.073827166
1823,0.11498573
1824,0.068601822
1825,0.035181238
1826,0.053660726
1827,0.093504916
1828,0.116621493
1829,0.052597395
1830,0.098294637
1831,0.080064077
1832,0.037935574
1833,0.186355131
1834,0.119750116
1835,0.113408517
1836,0.094205456
1837,0.097429047
1838,0.104885417
1839,0.14736589
1840,0.111141988
1841,0.125122249
1842,0.14634713
1843,0.117786206
1844,0.038133693
1845,0.097286205
1846,0.034278753
1847,0.141059174
1848,0.077051413
1849,0.132556106
1850,0.096957233
1851,0.115993
1852,0.102681937
1853,0.090950859
1854,0.066912922
1855,0.061059413
1856,0.106651542
1857,0.076249285
1858,0.11402839
1859,0.113359357
1860,0.044718565
1861,0.181937916
1862,0.096482676
1863,0.075085762
1864,0.115869385
1865,0.087836897
1866,0.057048931
1867,0.083462233
1868,0.127911234
1869,0.110783349
1870,0.056892328
1871,0.065986672
1872,0.045387078
1873,0.145344419
1874,0.038413835
1875,0.133460499
1876,0.135287507
1877,0.083526907
1878,0.083622471
1879,0.143942311
1880,0.108420948
1881,0.076249285
1882,0.197569869
1883,0.121802082
1884,0.155492603
1885,0.071914652
1886,0.158737358
1887,0.112835702
1888,0.058627206
1889,0.066011619
1890,0.076923077
1891,0.120453334
1892,0.071788415
1893,0.051527304
1894,0.094150231
1895,0.083526907
1896,0.216826807
1897,0.106306075
1898,0.08707249
1899,0.081872745
1900,0.049283213
1901,0.058222251
1902,0.102511546
1903,0.086205415
1904,0.076588637
1905,0.084923797
1906,0.087160193
1907,0.061558701
1908,0.048816357
1909,0.063847276
1910,0.081953755
1911,0.109575286
1912,0.147165737
1913,0.129631076
1914,0.095753592
1915,0.094819784
1916,0.07430946
1917,0.166889334
1918,0.125007385
1919,0.085161361
1920,0.070289109
1921,0.08841831
1922,0.052173992
1923,0.094095456
1924,0.078146467
1925,0.114724175
1926,0.077051413
1927,0.073059501
1928,0.065389297
1929,0.058085786
1930,0.105278104
1931,0.205633746
1932,0.105751523
1933,0.053708616
1934,0.049109374
1935,0.121017804
1936,0.039058328
1937,0.119145221
1938,0.125926984
1939,0.077005138
1940,0.097575784
1941,0.048600987
1942,0.060026
1943,0.121120349
1944,0.185790134
1945,0.063886579
1946,0.141406678
1947,0.157715211
1948,0.111075617
1949,0.101639454
1950,0.063091518
1951,0.151063228
1952,0.057597715
1953,0.149683403
1954,0.125
1955,0.056160471
1956,0.043909807
1957,0.098169182
1958,0.108976344
1959,0.07347
1960,0.090698655
1961,0.058713759
1962,0.04824645
1963,0.061150714
1964,0.042618452
1965,0.058726155
1966,0.071100162
1967,0.116465678
1968,0.048650426
1969,0.095442903
1970,0.093171975
1971,0.049895391
1972,0.037918525
1973,0.101600102
1974,0.106840474
1975,0.085470843
1976,0.065621796
1977,0.148739464
1978,0.122342156
1979,0.056338028
1980,0.083267103
1981,0.117720402
1982,0.046534441
1983,0.096559742
1984,0.059868434
1985,0.069765346
1986,0.075203632
1987,0.085592099
1988,0.097160673
1989,0.049300962
1990,0.061434148
1991,0.056644118
1992,0.103686637
1993,0.110164207
1994,0.081110711
1995,0.085027128
1996,0.159039575
1997,0.09286752
1998,0.132385201
1999,0.109747733
2000,0.044927752
2001,0.047071856
2002,0.034916193
2003,0.144463024
2004,0.076369976
2005,0.065705684
2006,0.160000569
2007,0.106425143
2008,0.109974025
2009,0.078086881
2010,0.086644547
2011,0.119511046
2012,0.135067551
2013,0.101454978
2014,0.09032576
2015,0.132618377
2016,0.119295077
2017,0.028964222
2018,0.093381074
2019,0.084983659
2020,0.070009238
2021,0.159725925
2022,0.05787694
2023,0.135103418
2024,0.097617902
2025,0.165722941
2026,0.05796087
2027,0.168016512
2028,0.061751929
2029,0.124414732
2030,0.068657153
2031,0.103218143
2032,0.087467316
2033,0.065504047
2034,0.182076998
2035,0.119047619
2036,0.054073807
2037,0.032395066
2038,0.081483535
2039,0.061343836
2040,0.070135874
2041,0.088729877
2042,0.171205275
2043,0.080045862
2044,0.144109201
2045,0.123499502
2046,0.094691571
2047,0.113713349
2048,0.115475291
2049,0.143655234
2050,0.056403945
2051,0.062828086
2052,0.060596046
2053,0.147051036
2054,0.062202681
2055,0.049825913
2056,0.103564106
2057,0.109613041
2058,0.058408664
2059,0.185052554
2060,0.11817579
2061,0.05
2062,0.053885067
2063,0.102957877
2064,0.081912198
2065,0.076181175
2066,0.059815952
2067,0.086314455
2068,0.028503103
2069,0.077420966
2070,0.026051523
2071,0.043758753
2072,0.06522847
2073,0.052000702
2074,0.049019608
2075,0.051282726
2076,0.11785113
2077,0.068283787
2078,0.088800417
2079,0.067255784
2080,0.045813542
2081,0.120398941
2082,0.083333333
2083,0.051847585
2084,0.16356551
2085,0.086681377
2086,0.066566154
2087,0.026240935
2088,0.083026396
2089,0.028379026
2090,0.108192817
2091,0.028404455
2092,0.126737096
2093,0.034803668
2094,0.101010674
2095,0.053009201
2096,0.08660254
2097,0.077589948
2098,0.158458019
2099,0.072055504
2100,0.1138887
2101,0.08658013
2102,0.096237422
2103,0.129099445
2104,0.059575007
2105,0.091526603
2106,0.040809717
2107,0.189696728
2108,0.094496957
2109,0.164591315
2110,0.093169499
2111,0.215266117
2112,0.099914238
2113,0.090450241
2114,0.127217527
2115,0.062757783
2116,0.100092721
2117,0.076245822
2118,0.076511401
2119,0.055492674
2120,0.143767139
2121,0.129996699
2122,0.074900589
2123,0.03850785
2124,0.041806135
2125,0.075243693
2126,0.103883715
2127,0.070722369
2128,0.099550548
2129,0.051492865
2130,0.115059386
2131,0.090870425
2132,0.097091955
2133,0.092628336
2134,0.070124089
2135,0.082192089
2136,0.08475223
2137,0.069624437
2138,0.134787331
2139,0.051379261
2140,0.14390103
2141,0.122627868
2142,0.051734712
2143,0.068771494
2144,0.06122449
2145,0.083893523
2146,0.103342207
2147,0.110205969
2148,0.080649605
2149,0.077814818
2150,0.061394061
2151,0.089514359
2152,0.124893885
2153,0.092351419
2154,0.043958698
2155,0.106198849
2156,0.089358563
2157,0.096541056
2158,0.084674833
2159,0.076886092
2160,0.069717186
2161,0.08558165
2162,0.07639377
2163,0.068041382
2164,0.070139141
2165,0.076711417
2166,0.105445423
2167,0.133003979
2168,0.086072938
2169,0.117593532
2170,0.08553372
2171,0.078970742
2172,0.158565863
2173,0.066035738
2174,0.089457507
2175,0.065644555
2176,0.091454914
2177,0.159757636
2178,0.054175737
2179,0.131449338
2180,0.08151893
2181,0.070567483
2182,0.103631569
2183,0.088302157
2184,0.039050882
2185,0.102747926
2186,0.080582296
2187,0.096738249
2188,0.102360334
2189,0.083134395
2190,0.045436947
2191,0.159317373
2192,0.070967003
2193,0.107353727
2194,0.122147367
2195,0.074725574
2196,0.120188604
2197,0.121632728
2198,0.086710997
2199,0.0448762
2200,0.069087171
2201,0.148459025
2202,0.052540694
2203,0.095862614
2204,0.153880225
2205,0.126137168
2206,0.125310141
2207,0.08
2208,0.074609215
2209,0.094517494
2210,0.070828825
2211,0.1028689
2212,0.089285714
2213,0.157532089
2214,0.066903866
2215,0.08808607
2216,0.066648896
2217,0.060980144
2218,0.0813035
2219,0.060880614
2220,0.123730989
2221,0.087988269
2222,0.094862401
2223,0.067916218
2224,0.052957409
2225,0.120209655
2226,0.099992501
2227,0.084184209
2228,0.135593274
2229,0.182764136
2230,0.171218463
2231,0.094733903
2232,0.087128513
2233,0.062904771
2234,0.058770613
2235,0.101433298
2236,0.045407661
2237,0.074660137
2238,0.063946818
2239,0.067127702
2240,0.120803584
2241,0.053121272
2242,0.171920477
2243,0.070070801
2244,0.078673726
2245,0.079499841
2246,0.046961297
2247,0.063401012
2248,0.092141163
2249,0.039287078
2250,0.163503824
2251,0.08226383
2252,0.102466456
2253,0.092642026
2254,0.052387264
2255,0.074496809
2256,0.087065754
2257,0.048273704
2258,0.088817644
2259,0.109747779
2260,0.073621017
2261,0.056918094
2262,0.187894921
2263,0.083794379
2264,0.0883461
2265,0.090530593
2266,0.032906133
2267,0.141453045
2268,0.092032415
2269,0.067185481
2270,0.121320605
2271,0.046355202
2272,0.055386975
2273,0.116642369
2274,0.100996962
2275,0.111208543
2276,0.166666667
2277,0.047471266
2278,0.054923504
2279,0.16555971
2280,0.06045014
2281,0.058986282
2282,0.19637446
2283,0.069174032
2284,0.883515343
2285,0.073913783
2286,0.103356979
2287,0.033171328
2288,0.046041672
2289,0.051212353
2290,0.057226256
2291,0.138781845
2292,0.101819974
2293,0.073919634
2294,0.034369284
2295,0.113201575
2296,0.097332853
2297,0.083377885
2298,0.076701199
2299,0.124805144
2300,0.063058988
2301,0.110363854
2302,0.078905346
2303,0.061699015
2304,0.109720429
2305,0.063818503
2306,0.070753143
2307,0.055787962
2308,0.141826915
2309,0.061530338
2310,0.057322515
2311,0.059200278
2312,0.071647369
2313,0.177204357
2314,0.112663516
2315,0.156269077
2316,0.090166963
2317,0.096782703
2318,0.080044445
2319,0.061056832
2320,0.135293552
2321,0.06401844
2322,0.076824927
2323,0.047332804
2324,0.141002387
2325,0.153619075
2326,0.062408648
2327,0.080747534
2328,0.044231986
2329,0.078829177
2330,0.107157992
2331,0.1526795
2332,0.076657366
2333,0.087518995
2334,0.108134549
2335,0.043259046
2336,0.067030162
2337,0.073720978
2338,0.097898715
2339,0.062332826
2340,0.068148581
2341,0.07468818
2342,0.087872151
2343,0.12922164
2344,0.075096749
2345,0.061242028
2346,0.14393093
2347,0.06741636
2348,0.157751837
2349,0.098136268
2350,0.078974719
2351,0.190228629
2352,0.068825367
2353,0.096934454
2354,0.052201027
2355,0.115069062
2356,0.109985336
2357,0.100836776
2358,0.057948291
2359,0.070512821
2360,0.046949212
2361,0.060788613
2362,0.085731784
2363,0.063660701
2364,0.125622444
2365,0.087410574
2366,0.095027158
2367,0.187506511
2368,0.12860654
2369,0.075843341
2370,0.161624407
2371,0.146006265
2372,0.14775777
2373,0.112815215
2374,0.093697496
2375,0.074382046
2376,0.129651863
2377,0.125193349
2378,0.076149961
2379,0.060611172
2380,0.100125235
2381,0.107230033
2382,0.102051038
2383,0.107637123
2384,0.102748162
2385,0.0542829
2386,0.050751294
2387,0.040785422
2388,0.048300725
2389,0.082110133
2390,0.090719538
2391,0.154177513
2392,0.061274786
2393,0.08938687
2394,0.106848513
2395,0.111605458
2396,0.057184367
2397,0.087940809
2398,0.095784149
2399,0.081328368
2400,0.071151247
2401,0.042163702
2402,0.081110711
2403,0.114320716
2404,0.077673564
2405,0.026681692
2406,0.050076564
2407,0.093645791
2408,0.057756088
2409,0.076384855
2410,0.27852425
2411,0.179605302
2412,0.090045034
2413,0.107196404
2414,0.107987906
2415,0.074535599
2416,0.076703549
2417,0.146290048
2418,0.069238964
2419,0.065764039
2420,0.096203964
2421,0.091473965
2422,0.024199057
2423,0.099562883
2424,0.147090448
2425,0.059205401
2426,0.050427291
2427,0.08814955
2428,0.107840514
2429,0.095239782
2430,0.055830865
2431,0.032161528
2432,0.096287753
2433,0.088113073
2434,0.122683226
2435,0.066264463
2436,0.056849696
2437,0.07438815
2438,0.089235931
2439,0.100921678
2440,0.073999547
2441,0.09728558
2442,0.138379681
2443,0.079945901
2444,0.077066856
2445,0.056907353
2446,0.076481851
2447,0.067567568
2448,0.092913146
2449,0.107092645
2450,0.151833459
2451,0.050329764
2452,0.079980007
2453,0.158688695
2454,0.073720978
2455,0.085817114
2456,0.067101439
2457,0.089318852
2458,0.109748014
2459,0.066268008
2460,0.066592716
2461,0.085281062
2462,0.040487489
2463,0.056483254
2464,0.08187233
2465,0.138203364
2466,0.133504461
2467,0.082734358
2468,0.116881146
2469,0.100593248
2470,0.097332853
2471,0.045347802
2472,0.046640264
2473,0.146574857
2474,0.060302269
2475,0.113039461
2476,0.098735339
2477,0.093856109
2478,0.146160851
2479,0.079291166
2480,0.097782658
2481,0.06958578
2482,0.063705899
2483,0.036277791
2484,0.05548069
2485,0.170630232
2486,0.073709127
2487,0.149537151
2488,0.198657558
2489,0.049033945
2490,0.073471836
2491,0.103577801
2492,0.128638244
2493,0.13650326
2494,0.084356915
2495,0.041180518
2496,0.158622685
2497,0.150365954
2498,0.075902923
2499,0.038223539
2500,0.10308374
2501,0.079461487
2502,0.096066336
2503,0.094386303
2504,0.059701547
2505,0.103189009
2506,0.052420193
2507,0.082192638
2508,0.100761154
2509,0.098758092
2510,0.087143306
2511,0.089228826
2512,0.054194992
2513,0.074681725
2514,0.097243328
2515,0.044850491
2516,0.091634855
2517,0.075955453
2518,0.106479427
2519,0.108909209
2520,0.091723821
2521,0.080221652
2522,0.068990334
2523,0.088824673
2524,0.092834442
2525,0.104853308
2526,0.033577873
2527,0.050118585
2528,0.061326543
2529,0.038892223
2530,0.095479208
2531,0.029293746
2532,0.093289021
2533,0.136343849
2534,0.072665762
2535,0.064843922
2536,0.115187484
2537,0.062166987
2538,0.049594975
2539,0.077069145
2540,0.1039292
2541,0.071552378
2542,0.115841341
2543,0.071090279
2544,0.07363654
2545,0.089693414
2546,0.195725802
2547,0.120666258
2548,0.04546206
2549,0.08929402
2550,0.055662143
2551,0.047873018
2552,0.146296817
2553,0.116735795
2554,0.097348538
2555,0.058867194
2556,0.103362279
2557,0.036975273
2558,0.100410679
2559,0.155017051
2560,0.089625816
2561,0.045134884
2562,0.091024512
2563,0.033431543
2564,0.049796252
2565,0.057655006
2566,0.076621417
2567,0.071000531
2568,0.0824942
2569,0.136939373
2570,0.070712059
2571,0.093174891
2572,0.082552902
2573,0.092080552
2574,0.057475061
2575,0.076661277
2576,0.097613726
2577,0.145079668
2578,0.049160514
2579,0.056154525
2580,0.072115477
2581,0.081028739
2582,0.067007628
2583,0.077356331
2584,0.062248345
2585,0.058868813
2586,0.113796486
2587,0.065609044
2588,0.077951196
2589,0.146928105
2590,0.07970596
2591,0.069032128
2592,0.069592411
2593,0.072799965
2594,0.076113247
2595,0.095238988
2596,0.065547353
2597,0.073628692
2598,0.057519731
2599,0.049492216
2600,0.131047315
2601,0.079208076
2602,0.069923018
2603,0.114248432
2604,0.134157454
2605,0.08247861
2606,0.055677412
2607,0.141320897
2608,0.085416682
2609,0.103348478
2610,0.04769261
2611,0.101732591
2612,0.106969228
2613,0.051519705
2614,0.055290734
2615,0.073408411
2616,0.089611127
2617,0.110783349
2618,0.060882119
2619,0.055679425
2620,0.076019625
2621,0.071428571
2622,0.051338337
2623,0.016657415
2624,0.056528359
2625,0.065961753
2626,0.098156431
2627,0.092499458
2628,0.060079094
2629,0.076317578
2630,0.068109297
2631,0.099694737
2632,0.085915699
2633,0.058272664
2634,0.090655083
2635,0.063476799
2636,0.162180048
2637,0.055660639
2638,0.158302971
2639,0.030624747
2640,0.02889428
2641,0.070717895
2642,0.058236353
2643,0.095639958
2644,0.075809804
2645,0.119367536
2646,0.055835434
2647,0.109044204
2648,0.067799045
2649,0.080660901
2650,0.090923393
2651,0.108221866
2652,0.071248544
2653,0.066414768
2654,0.046898607
2655,0.030048116
2656,0.163303569
2657,0.103794867
2658,0.056608812
2659,0.085125653
2660,0.088227662
2661,0.05525321
2662,0.038330638
2663,0.0857847
2664,0.084982511
2665,0.112917064
2666,0.045659079
2667,0.101942949
2668,0.092035799
2669,0.089826801
2670,0.191994046
2671,0.063404262
2672,0.070186241
2673,0.138757569
2674,0.098589105
2675,0.059406057
2676,0.082131011
2677,0.086977076
2678,0.202882988
2679,0.094682933
2680,0.130773507
2681,0.081987
2682,0.082019336
2683,0.076374273
2684,0.177851592
2685,0.095157866
2686,0.078806146
2687,0.07946525
2688,0.087167326
2689,0.058422658
2690,0.113767025
2691,0.098239231
2692,0.04449413
2693,0.154297969
2694,0.079857045
2695,0.126579439
2696,0.034309249
2697,0.052540694
2698,0.242082416
2699,0.015962754
2700,0.098841767
2701,0.154133602
2702,0.136966312
2703,0.106952491
2704,0.083210332
2705,0.025169681
2706,0.094636224
2707,0.070920527
2708,0.120624477
2709,0.093193015
2710,0.118485174
2711,0.103799859
2712,0.163960094
2713,0.146342352
2714,0.090419443
2715,0.052108783
2716,0.046729014
2717,0.079784977
2718,0.076576577
2719,0.046047027
2720,0.064272599
2721,0.057831493
2722,0.055339859
2723,0.107372034
2724,0.012270862
2725,0.09372026
2726,0.075318423
2727,0.087032976
2728,0.105481627
2729,0.199061794
2730,0.120977698
2731,0.21182709
2732,0.071070645
2733,0.063011647
2734,0.079780463
2735,0.039322566
2736,0.150044698
2737,0.057335076
2738,0.117403901
2739,0.137008187
2740,0.101289157
2741,0.018886423
2742,0.103218408
2743,0.089708651
2744,0.081767632
2745,0.04719502
2746,0.073268235
2747,0.086638647
2748,0.048682844
2749,0.025728572
2750,0.117793061
2751,0.121255473
2752,0.082242919
2753,0.029631888
2754,0.058750518
2755,0.02857791
2756,0.049724516
2757,0.111113011
2758,0.111562391
2759,0.084045484
2760,0.1034369
2761,0.046087354
2762,0.028016591
2763,0.087889619
2764,0.070370062
2765,0.193025428
2766,0.048507125
2767,0.08367442
2768,0.122670592
2769,0.07124705
2770,0.098743797
2771,0.073632104
2772,0.094131607
2773,0.111023951
2774,0.134056771
2775,0.095765059
2776,0.100154202
2777,0.098552746
2778,0.056102424
2779,0.122705841
2780,0.067082039
2781,0.037062466
2782,0.038208036
2783,0.139673523
2784,0.02728739
2785,0.037662179
2786,0.224636063
2787,0.07992826
2788,0.098250049
2789,0.118449538
2790,0.067303784
2791,0.094046082
2792,0.044961799
2793,0.066015589
2794,0.101939286
2795,0.075371145
2796,0.089738059
2797,0.067367081
2798,0.152088399
2799,0.064867497
2800,0.084816372
2801,0.044969375
2802,0.03888079
2803,0.148662223
2804,0.120375631
2805,0.06107347
2806,0.119262368
2807,0.054122673
2808,0.05646597
2809,0.078348802
2810,0.05868456
2811,0.068133445
2812,0.05657986
2813,0.089927103
2814,0.118753427
2815,0.066176471
2816,0.076125023
2817,0.105889681
2818,0.078531372
2819,0.046835579
2820,0.090166963
2821,0.068429983
2822,0.094287429
2823,0.121442069
2824,0.053981811
2825,0.179325141
2826,0.149828712
2827,0.081505558
2828,0.052270837
2829,0.116670268
2830,0.042861517
2831,0.028303146
2832,0.057754675
2833,0.16508229
2834,0.101786772
2835,0.075675689
2836,0.04050542
2837,0.043747864
2838,0.078072006
2839,0.174502515
2840,0.097157234
2841,0.168476347
2842,0.071591298
2843,0.111562391
2844,0.083592239
2845,0.141472944
2846,0.052634495
2847,0.066090696
2848,0.088365657
2849,0.087726893
2850,0.028676967
2851,0.055761696
2852,0.08033987
2853,0.094435348
2854,0.100179051
2855,0.072231512
2856,0.033899522
2857,0.078879661
2858,0.117725138
2859,0.077889242
2860,0.074230749
2861,0.06008639
2862,0.100503782
2863,0.076651423
2864,0.154158894
2865,0.09171982
2866,0.129365904
2867,0.077001079
2868,0.098720952
2869,0.109488664
2870,0.0745767
2871,0.137984723
2872,0.143268522
2873,0.079535595
2874,0.066409927
2875,0.120421554
2876,0.081166581
2877,0.058328129
2878,0.0619602
2879,0.063733148
2880,0.067928458
2881,0.042116558
2882,0.05302373
2883,0.092310423
2884,0.150502081
2885,0.076238897
2886,0.067332816
2887,0.024665057
2888,0.185819493
2889,0.109718003
2890,0.188641857
2891,0.057148689
2892,0.111417203
2893,0.061590405
2894,0.154376324
2895,0.041239305
2896,0.090431664
2897,0.091161612
2898,0.105304838
2899,0.069803138
2900,0.098096575
2901,0.056243409
2902,0.122321103
2903,0.091436222
2904,0.069888268
2905,0.061567613
2906,0.073465691
2907,0.126809375
2908,0.048265873
2909,0.014465435
2910,0.07553357
2911,0.101839672
2912,0.141142874
2913,0.181071492
2914,0.071002387
2915,0.052674154
2916,0.05657986
2917,0.080378475
2918,0.100534251
2919,0.098723105
2920,0.04667289
2921,0.06959227
2922,0.100848037
2923,0.079989335
2924,0.090160458
2925,0.063900965
2926,0.063146963
2927,0.074223175
2928,0.061697841
2929,0.051952433
2930,0.07164899
2931,0.115470054
2932,0.067927914
2933,0.126231406
2934,0.095040171
2935,0.114706072
2936,0.114433822
2937,0.097157134
2938,0.032797905
2939,0.090311896
2940,0.112066363
2941,0.123873087
2942,0.130270714
2943,0.087593574
2944,0.075204446
2945,0.044739624
2946,0.165900379
2947,0.081110711
2948,0.120451185
2949,0.057188626
2950,0.076145511
2951,0.107142857
2952,0.114483955
2953,0.047679903
2954,0.056714772
2955,0.123522585
2956,0.083496572
2957,0.172493575
2958,0.119315895
2959,0.073632104
2960,0.066613233
2961,0.075562915
2962,0.123358791
2963,0.070262084
2964,0.074393663
2965,0.06361417
2966,0.11124854
2967,0.115966317
2968,0.068629719
2969,0.092513507
2970,0.068173367
2971,0.013461987
2972,0.102820909
2973,0.041090529
2974,0.136424252
2975,0.103230017
2976,0.059989503
2977,0.077547564
2978,0.074766718
2979,0.105294923
2980,0.075668409
2981,0.075176402
2982,0.209555225
2983,0.065593605
2984,0.096561576
2985,0.031863296
2986,0.078586827
2987,0.065313921
2988,0.114853269
2989,0.065630128
2990,0.176776695
2991,0.19927689
2992,0.095238095
2993,0.070321085
2994,0.110448077
2995,0.084167522
2996,0.095346259
2997,0.026647724
2998,0.105118012
2999,0.069288192
3000,0.147749592
3001,0.052649813
3002,0.075570865
3003,0.092115305
3004,0.03
3005,0.068486725
3006,0.048981224
3007,0.134303827
3008,0.046420708
3009,0.124550474
3010,0.088770607
3011,0.160191553
3012,0.056832862
3013,0.354204286
3014,0.12030513
3015,0.062209075
3016,0.035697215
3017,0.076015032
3018,0.077734292
3019,0.051176632
3020,0.07892456
3021,0.086965655
3022,0.060812199
3023,0.207312333
3024,0.093026051
3025,0.114351076
3026,0.117673617
3027,0.062826795
3028,0.142373699
3029,0.07945061
3030,0.065776263
3031,0.132789128
3032,0.109347198
3033,0.043309933
3034,0.070534562
3035,0.098721377
3036,0.07497072
3037,0.076309559
3038,0.102886618
3039,0.077330889
3040,0.057854717
3041,0.089791337
3042,0.0443958
3043,0.053841312
3044,0.136906873
3045,0.069231254
3046,0.142812745
3047,0.166478023
3048,0.082919766
3049,0.054990936
3050,0.108912226
3051,0.047619048
3052,0.089664352
3053,0.079045249
3054,0.05903863
3055,0.094406864
3056,0.247487154
3057,0.074179018
3058,0.019655341
3059,0.077222062
3060,0.092220424
3061,0.082309878
3062,0.029346959
3063,0.093697496
3064,0.174206012
3065,0.128865595
3066,0.047324852
3067,0.08715302
3068,0.076212674
3069,0.035550514
3070,0.102999583
3071,0.066569941
3072,0.047245559
3073,0.062569871
3074,0.086517242
3075,0.134320878
3076,0.064780917
3077,0.056974508
3078,0.123181938
3079,0.101586994
3080,0.081945285
3081,0.069631062
3082,0.07838618
3083,0.069073716
3084,0.128445527
3085,0.136980589
3086,0.056819099
3087,0.067912683
3088,0.140140165
3089,0.103290574
3090,0.068710974
3091,0.088399139
3092,0.086681377
3093,0.062855661
3094,0.072571501
3095,0.149559356
3096,0.074512835
3097,0.027978186
3098,0.072966253
3099,0.074390328
3100,0.109190064
3101,0.086676247
3102,0.091886783
3103,0.107213789
3104,0.088618626
3105,0.099038492
3106,0.043905488
3107,0.062801932
3108,0.103089914
3109,0.03313653
3110,0.082474714
3111,0.097713984
3112,0.100262751
3113,0.063317958
3114,0.111297335
3115,0.105333105
3116,0.101789116
3117,0.08230651
3118,0.158762506
3119,0.106505846
3120,0.145028309
3121,0.130719954
3122,0.051419338
3123,0.073929609
3124,0.076471911
3125,0.084874544
3126,0.106752103
3127,0.067134509
3128,0.047963562
3129,0.096792325
3130,0.08173379
3131,0.15660308
3132,0.097232822
3133,0.055787962
3134,0.081442162
3135,0.057306826
3136,0.107711076
3137,0.105158886
3138,0.104328106
3139,0.027411409
3140,0.074569845
3141,0.060827656
3142,0.145578898
3143,0.049048689
3144,0.084974988
3145,0.041068926
3146,0.04292399
3147,0.08136762
3148,0.089791337
3149,0.145521375
3150,0.091585639
3151,0.077022838
3152,0.095167627
3153,0.099360357
3154,0.049801192
3155,0.090725156
3156,0.132044418
3157,0.125812542
3158,0.064763287
3159,0.148434139
3160,0.136567494
3161,0.119584235
3162,0.093124039
3163,0.103194307
3164,0.079535595
3165,0.054382979
3166,0.107185678
3167,0.106277699
3168,0.074259938
3169,0.07394006
3170,0.05364339
3171,0.086533274
3172,0.169190842
3173,0.063984359
3174,0.0580381
3175,0.082741315
3176,0.151203071
3177,0.095589889
3178,0.197570208
3179,0.087653951
3180,0.030261377
3181,0.086330191
3182,0.056980288
3183,0.125146062
3184,0.058848989
3185,0.042764891
3186,0.100156617
3187,0.072802213
3188,0.048717735
3189,0.081521749
3190,0.207837977
3191,0.054941922
3192,0.083776661
3193,0.116353821
3194,0.126773922
3195,0.118678166
3196,0.080044482
3197,0.083747714
3198,0.04393142
3199,0.077856973
3200,0.041616745
3201,0.104857295
3202,0.068034954
3203,0.063887656
3204,0.078272708
3205,0.113334876
3206,0.117121953
3207,0.085947992
3208,0.057920671
3209,0.071712116
3210,0.066475449
3211,0.09857973
3212,0.0872
3213,0.098346636
3214,0.078853499
3215,0.108987915
3216,0.114792804
3217,0.068221029
3218,0.111232906
3219,0.094798075
3220,0.053605627
3221,0.064851907
3222,0.055405864
3223,0.077204865
3224,0.056575785
3225,0.068956315
3226,0.043889951
3227,0.105619486
3228,0.076956815
3229,0.118004591
3230,0.063163108
3231,0.07425601
3232,0.09649505
3233,0.075850683
3234,0.055103877
3235,0.170700852
3236,0.063336824
3237,0.083580981
3238,0.031614874
3239,0.193310323
3240,0.07027487
3241,0.075377836
3242,0.156316475
3243,0.124442232
3244,0.094616874
3245,0.086668593
3246,0.05546054
3247,0.120896197
3248,0.115577119
3249,0.124663324
3250,0.032486106
3251,0.056099271
3252,0.043908055
3253,0.049906513
3254,0.077015405
3255,0.071283244
3256,0.06973087
3257,0.06406309
3258,0.088683839
3259,0.074354066
3260,0.20114557
3261,0.095181924
3262,0.076980036
3263,0.054190346
3264,0.087109141
3265,0.033752637
3266,0.092574185
3267,0.106711265
3268,0.074959749
3269,0.105122204
3270,0.123597273
3271,0.063245553
3272,0.077153971
3273,0.062938602
3274,0.094566201
3275,0.070049782
3276,0.072420682
3277,0.115590106
3278,0.072336423
3279,0.051648211
3280,0.094926358
3281,0.183903089
3282,0.078532203
3283,0.080700021
3284,0.13347226
3285,0.116482035
3286,0.057559915
3287,0.076147188
3288,0.089395448
3289,0.169315506
3290,0.094310354
3291,0.088103803
3292,0.120060045
3293,0.043852901
3294,0.118866621
3295,0.050925592
3296,0.053331226
3297,0.254788397
3298,0.097344909
3299,0.07592566
3300,0.109705618
3301,0.10765704
3302,0.13581995
3303,0.044274314
3304,0.037565356
3305,0.057847021
3306,0.097085663
3307,0.114109325
3308,0.097017627
3309,0.201482838
3310,0.098421907
3311,0.089969685
3312,0.081033002
3313,0.100415802
3314,0.177526934
3315,0.106163932
3316,0.089420367
3317,0.032155837
3318,0.031776069
3319,0.047483574
3320,0.107958379
3321,0.128992883
3322,0.08660254
3323,0.060939369
3324,0.158776837
3325,0.161711557
3326,0.069073716
3327,0.176963817
3328,0.092949451
3329,0.114235081
3330,0.082956136
3331,0.042051713
3332,0.072164948
3333,0.115021625
3334,0.067090426
3335,0.064108821
3336,0.092413771
3337,0.080011758
3338,0.098929756
3339,0.110359451
3340,0.078889479
3341,0.074535599
3342,0.101534617
3343,0.123377418
3344,0.04020659
3345,0.080569218
3346,0.126721719
3347,0.092308375
3348,0.092673073
3349,0.060506338
3350,0.073391788
3351,0.06725777
3352,0.056781487
3353,0.11329218
3354,0.069293487
3355,0.08405119
3356,0.106258302
3357,0.105045146
3358,0.054100178
3359,0.124019829
3360,0.088823118
3361,0.171506993
3362,0.082344478
3363,0.070083225
3364,0.147823191
3365,0.106836685
3366,0.098786346
3367,0.10975393
3368,0.03917406
3369,0.141350208
3370,0.099926008
3371,0.096976228
3372,0.121419682
3373,0.059992617
3374,0.096738249
3375,0.08874111
3376,0.133728929
3377,0.097174055
3378,0.088045091
3379,0.084733405
3380,0.086666667
3381,0.049690399
3382,0.121364943
3383,0.111627932
3384,0.084473199
3385,0.087046632
3386,0.083430939
3387,0.033583025
3388,0.0833429
3389,0.074236549
3390,0.0431737
3391,0.101245895
3392,0.088721395
3393,0.106196637
3394,0.037541083
3395,0.080845208
3396,0.105911311
3397,0.090597139
3398,0.046013136
3399,0.067955501
3400,0.06172134
3401,0.09035079
3402,0.136849206
3403,1
3404,0.123327628
3405,0.108289042
3406,0.066674558
3407,0.067443941
3408,0.14470719
3409,0.058590229
3410,0.114416776
3411,0.08204166
3412,0.100503782
3413,0.036337619
3414,0.088127998
3415,0.047105572
3416,0.059345613
3417,0.127232916
3418,0.083893523
3419,0.094551438
3420,0.056198167
3421,0.214070251
3422,0.067919564
3423,0.059989503
3424,0.031322732
3425,0.149808621
3426,0.056569466
3427,0.095420836
3428,0.057155981
3429,0.093634284
3430,0.072266432
3431,0.059636763
3432,0.172948551
3433,0.064632214
3434,0.060873721
3435,0.125122249
3436,0.044594129
3437,0.092035799
3438,0.068300588
3439,0.048785712
3440,0.070097829
3441,0.138806308
3442,0.126308875
3443,0.134687006
3444,0.04552146
3445,0.053024724
3446,0.035233213
3447,0.129628642
3448,0.066299354
3449,0.041055387
3450,0.116664416
3451,0.123238994
3452,0.036364304
3453,0.059297339
3454,0.059288545
3455,0.061791263
3456,0.054056248
3457,0.139526315
3458,0.098856647
3459,0.147511685
3460,0.031331699
3461,0.106917226
3462,0.04182404
3463,0.094762255
3464,0.083529335
3465,0.104899083
3466,0.112815215
3467,0.142505364
3468,0.087162727
3469,0.058326103
3470,0.066418064
3471,0.053502186
3472,0.108204579
3473,0.213193549
3474,0.050196148
3475,0.084676119
3476,0.064353024
3477,0.068498775
3478,0.087135148
3479,0.090924121
3480,0.130102731
3481,0.075338212
3482,0.058242306
3483,0.109811521
3484,0.099316979
3485,0.124316312
3486,0.159058167
3487,0.091739138
3488,0.075058663
3489,0.025561787
3490,0.108202311
3491,0.068215624
3492,0.124436857
3493,0.072286052
3494,0.144784553
3495,0.088507706
3496,0.034752402
3497,0.068108683
3498,0.112550007
3499,0.082408564
3500,0.09788827
3501,0.066660742
3502,0.044621075
3503,0.042142636
3504,0.091766026
3505,0.096484472
3506,0.138508672
3507,0.105443613
3508,0.083738142
3509,0.040221832
3510,0.112833867
3511,0.098684211
3512,0.053157743
3513,0.057207755
3514,0.12949463
3515,0.078587468
3516,0.158037712
3517,0.076673951
3518,0.10296414
3519,0.074732393
3520,0.087855889
3521,0.099692827
3522,0.092450033
3523,0.11098786
3524,0.074118823
3525,0.127210595
3526,0.191786379
3527,0.138007651
3528,0.070540045
3529,0.081548389
3530,0.13951225
3531,0.078323593
3532,0.030912233
3533,0.05331873
3534,0.0794212
3535,0.031551865
3536,0.104780914
3537,0.154176981
3538,0.060952197
3539,0.094764409
3540,0.063520976
3541,0.080283631
3542,0.072168784
3543,0.148087219
3544,0.244729239
3545,0.119037979
3546,0.072259164
3547,0.077352818
3548,0.128045602
3549,0.093229802
3550,0.218070829
3551,0.056254395
3552,0.230173578
3553,0.112979212
3554,0.062183542
3555,0.04717821
3556,0.109192749
3557,0.094307104
3558,0.06018752
3559,0.081465838
3560,0.075138076
3561,0.064619565
3562,0.063671454
3563,0.128989806
3564,0.084285272
3565,0.022390554
3566,0.130628164
3567,0.120816253
3568,0.087617439
3569,0.051189272
3570,0.100815422
3571,0.109131503
3572,0.047358009
3573,0.097677258
3574,0.084114811
3575,0.044262667
3576,0.155336683
3577,0.126206698
3578,0.049507377
3579,0.064369515
3580,0.042324949
3581,0.044605042
3582,0.099727679
3583,0.147038018
3584,0.060456354
3585,0.091729657
3586,0.08475223
3587,0.156656709
3588,0.147279398
3589,0.06882472
3590,0.059215653
3591,0.133402075
3592,0.095666134
3593,0.12195122
3594,0.085960238
3595,0.090334794
3596,0.070062317
3597,0.057960208
3598,0.101309733
3599,0.075761441
3600,0.117908717
3601,0.089120242
3602,0.146770035
3603,0.084408364
3604,0.031040337
3605,0.136999156
3606,0.077435924
3607,0.050434162
3608,0.070547562
3609,0.15660308
3610,0.0651695
3611,0.136496249
3612,0.087327086
3613,0.099353
3614,0.122476606
3615,0.08944891
3616,0.120209045
3617,0.04229852
3618,0.046025684
3619,0.101753394
3620,0.109829625
3621,0.068313005
3622,0.11474382
3623,0.100886654
3624,0.180218291
3625,0.088322713
3626,0.105222635
3627,0.073786479
3628,0.140213637
3629,0.085805996
3630,0.093366536
3631,0.06880957
3632,0.042962486
3633,0.066742381
3634,0.028194194
3635,0.078815386
3636,0.112272178
3637,0.086017298
3638,0.093793661
3639,0.107473221
3640,0.192274475
3641,0.114521985
3642,0.087261719
3643,0.09146886
3644,0.104517137
3645,0.07778363
3646,0.085561
3647,0.073579487
3648,0.136880027
3649,0.038889609
3650,0.052422243
3651,0.071919495
3652,0.157416163
3653,0.083668941
3654,0.132400672
3655,0.094861109
3656,0.150381412
3657,0.069838298
3658,0.071377425
3659,0.093043946
3660,0.046842919
3661,0.075244077
3662,0.036980013
3663,0.052077771
3664,0.089231726
3665,0.121482383
3666,0.114472761
3667,0.092060161
3668,0.081259347
3669,0.080399777
3670,0.172132593
3671,0.092460781
3672,0.109213007
3673,0.152537882
3674,0.083563855
3675,0.120015363
3676,0.062222837
3677,0.053376051
3678,0.107970177
3679,0.043889209
3680,0.157712809
3681,0.066285977
3682,0.097302555
3683,0.074119904
3684,0.039699422
3685,0.083798351
3686,0.097992882
3687,0.040229516
3688,0.082792971
3689,0.074585339
3690,0.067344134
3691,0.071945342
3692,0.122683226
3693,0.1174721
3694,0.102143382
3695,0.109847007
3696,0.105787224
3697,0.09788827
3698,0.109713959
3699,0.110892466
3700,0.061572737
3701,0.133847589
3702,0.044095855
3703,0.126481738
3704,0.087609581
3705,0.068693705
3706,0.071138799
3707,0.136566945
3708,0.075212027
3709,0.090769123
3710,0.113353883
3711,0.18332398
3712,0.028883564
3713,0.093450241
3714,0.03015418
3715,0.102274378
3716,0.048222725
3717,0.088053478
3718,0.050328203
3719,0.017626791
3720,0.113055284
3721,0.09124486
3722,0.037582301
3723,0.054028689
3724,0.138493159
3725,0.121450198
3726,0.075743517
3727,0.109641744
3728,0.110839035
3729,0.043678535
3730,0.032686023
3731,0.088526779
3732,0.146321889
3733,0.13013931
3734,0.05687329
3735,0.080369958
3736,0.054828231
3737,0.079125657
3738,0.193035734
3739,0.066270231
3740,0.062042229
3741,0.041191172
3742,0.064427815
3743,0.071462063
3744,0.13748167
3745,0.10353102
3746,0.106948158
3747,0.084899955
3748,0.108973893
3749,0.085764074
3750,0.048112522
3751,0.077507737
3752,0.082486282
3753,0.171115892
3754,0.062524127
3755,0.123653675
3756,0.082889316
3757,0.069212854
3758,0.094391795
3759,0.133669126
3760,0.096185471
3761,0.049218945
3762,0.131730214
3763,0.182238185
3764,0.07846094
3765,0.13037537
3766,0.117902137
3767,0.039367333
3768,0.098868963
3769,0.136752692
3770,0.087337077
3771,0.100310078
3772,0.0829925
3773,0.13439327
3774,0.160348564
3775,0.125776975
3776,0.081110711
3777,0.063636364
3778,0.046806486
3779,0.122964527
3780,0.069223218
3781,0.069971672
3782,0.09701425
3783,0.052704628
3784,0.066988542
3785,0.107255991
3786,0.061806423
3787,0.085790919
3788,0.141882113
3789,0.112530595
3790,0.084895272
3791,0.100512793
3792,0.142331999
3793,0.110378957
3794,0.082679886
3795,0.181195302
3796,0.090813001
3797,0.124721913
3798,0.107311992
3799,0.103561628
3800,0.139262125
3801,0.080289756
3802,0.035254129
3803,0.060352167
3804,0.038827413
3805,0.08109204
3806,0.138525306
3807,0.088236821
3808,0.05206224
3809,0.079478914
3810,0.05077265
3811,0.097523687
3812,0.179290962
3813,0.22278922
3814,0.107711468
3815,0.129472951
3816,0.117460246
3817,0.068429689
3818,0.06200885
3819,0.086874449
3820,0.111465259
3821,0.169868555
3822,0.113473303
3823,0.077701783
3824,0.081549042
3825,0.061073076
3826,0.090943261
3827,0.190318915
3828,0.087837869
3829,0.108707069
3830,0.062628186
3831,0.108597294
3832,0.081373347
3833,0.12702147
3834,0.09456365
3835,0.039206342
3836,0.126741521
3837,0.064995557
3838,0.100726593
3839,0.081912198
3840,0.053827221
3841,0.098975948
3842,0.06023386
3843,0.075297661
3844,0.049663157
3845,0.082618404
3846,0.080741035
3847,0.166019577
3848,0.153480393
3849,0.053415683
3850,0.061928112
3851,0.107632096
3852,0.033575957
3853,0.081791553
3854,0.060815843
3855,0.085828215
3856,0.100011836
3857,0.077022838
3858,0.182336922
3859,0.264393652
3860,0.1028689
3861,0.096095374
3862,0.114279051
3863,0.054145594
3864,0.074316054
3865,0.119674854
3866,0.149240501
3867,0.090252992
3868,0.149780807
3869,0.078243123
3870,0.103934927
3871,0.131371967
3872,0.122232807
3873,0.04971342
3874,0.195646395
3875,0.096155822
3876,0.072204048
3877,0.089290838
3878,0.127109422
3879,0.136516259
3880,0.111057622
3881,0.141659261
3882,0.156637927
3883,0.056613852
3884,0.070528333
3885,0.071911747
3886,0.135780021
3887,0.059234888
3888,0.070780619
3889,0.04130081
3890,0.139371663
3891,0.148578128
3892,0.071432885
3893,0.045714148
3894,0.092980566
3895,0.067518095
3896,0.070654003
3897,0.10451971
3898,0.062052683
3899,0.091973892
3900,0.074774846
3901,0.123391912
3902,0.089620656
3903,0.111339544
3904,0.051161718
3905,0.116894408
3906,0.073706143
3907,0.099892673
3908,0.117378238
3909,0.024834982
3910,0.090159484
3911,0.090565445
3912,0.099627096
3913,0.044470072
3914,0.131163728
3915,0.098028616
3916,0.099380799
3917,0.03479445
3918,0.077400151
3919,0.089111948
3920,0.033337964
3921,0.12430334
3922,0.069288192
3923,0.085405572
3924,0.131650799
3925,0.057143333
3926,0.048614769
3927,0.142571303
3928,0.118347774
3929,0.068181818
3930,0.078199821
3931,0.112945308
3932,0.065980248
3933,0.043592128
3934,0.101440576
3935,0.071191475
3936,0.060634594
3937,0.262225557
3938,0.180152415
3939,0.11578496
3940,0.134759455
3941,0.071541458
3942,0.09495377
3943,0.07574764
3944,0.089352309
3945,0.114087978
3946,0.106322268
3947,0.075071771
3948,0.089617681
3949,0.058409916
3950,0.153689815
3951,0.092159201
3952,0.064363605
3953,0.070429521
3954,0.091212911
3955,0.07287987
3956,0.087368433
3957,0.082681063
3958,0.066574267
3959,0.137354615
3960,0.134438724
3961,0.054660817
3962,0.058118971
3963,0.0474579
3964,0.08951673
3965,0.069075911
3966,0.047118643
3967,0.09198441
3968,0.085217186
3969,0.107892531
3970,0.096058882
3971,0.049919946
3972,0.057588576
3973,0.068021702
3974,0.111948985
3975,0.036888116
3976,0.075691259
3977,0.098747689
3978,0.116791432
3979,0.0554274
3980,0.060152076
3981,0.061770776
3982,0.074766718
3983,0.055290734
3984,0.077740457
3985,0.103279556
3986,0.111946279
3987,0.072940256
3988,0.054200091
3989,0.066240238
3990,0.147841023
3991,0.026082027
3992,0.040874889
3993,0.045298825
3994,0.057279
3995,0.072434534
3996,0.168863874
3997,0.047140452
3998,0.090123012
3999,0.02786218
4000,0.108412538
4001,0.051283924
4002,0.042230788
4003,0.077248728
4004,0.056925445
4005,0.1302833
4006,0.043901171
4007,0.086413558
4008,0.040092319
4009,0.044275536
4010,0.101374778
4011,0.129394626
4012,0.070363685
4013,0.089784701
4014,0.059855301
4015,0.044805563
4016,0.066332496
4017,0.061868822
4018,0.088520817
4019,0.089592164
4020,0.114160233
4021,0.057153226
4022,0.042475196
